Model,H,beta,k,w0,MSE_log,Coverage90,AvgWidth90,IntervalScore90
GP + ACI (lag 30),30,0.9,0.06,1.5349705466688655,1.0692051438894412,0.8757062146892656,4.500000209076274,5.3194187638511945
