Model,MSE_log,MAE_log,CRPS_log,Coverage90,AvgWidth90,IntervalScore90
Exact GP (observed),1.069218672127704,0.9108429238806842,0.621477570279466,0.751412429378531,2.581963,3.97321792426352
