Model,H,beta,k,w0,MSE_log,Coverage90,AvgWidth90,IntervalScore90
SigGP + ACI (lag 30),30,0.9,0.06,4.656964114902525,0.07456267861641547,0.875,0.8298214561678836,1.1737166105705719
