Split,MAE,MSE,Coverage90,Width90,IS90,CRPS
valid,0.22028206288814545,0.07764367014169693,0.9447674418604651,1.0606980323791504,1.126783013343811,0.15687604215394618
