Model,MSE_log,Coverage90,AvgWidth90,IntervalScore90,alpha,H,beta,k,w0
LSTM + ACI (lag 30),0.0822487324476242,0.9333333333333333,1.357133430494168,1.4865892024342988,0.1,30,0.9,0.06,1.149898862838745
