Split,MAE,MSE,Coverage90,Width90,IS90,CRPS
test,0.24238631129264832,0.0822487324476242,0.9420289855072463,1.0146706104278564,1.1122640371322632,0.15962809395209604
