Split,MAE,MSE,Coverage90,Width90,IS90,CRPS
train,0.1438264101743698,0.03494761511683464,0.9937772246421904,1.073570728302002,1.0848182439804077,0.10628554627287441
